<?xml version="1.0" encoding="UTF-8"?>
<metadata xmlns:xsi="http://www.w3.org/2001/XMLSchema-instance"
          xsi:noNamespaceSchemaLocation="http://www.fgdc.gov/metadata/fgdc-std-001-1998.xsd">
   <idinfo>
      <citation>
         <citeinfo>
            <origin>Research and Polling</origin>
            <pubdate>20230217</pubdate>
            <title>New Mexico Senate District Boundaries 2022</title>
            <geoform>vector digital data</geoform>
            <onlink>https://gstore.unm.edu/apps/rgis/datasets/cdafa5d9-1f1f-44a4-ac10-d0c6f0c7780a/services/ogc/wms?SERVICE=wms&amp;REQUEST=GetCapabilities&amp;VERSION=1.1.1</onlink>
            <onlink>https://gstore.unm.edu/apps/rgis/datasets/cdafa5d9-1f1f-44a4-ac10-d0c6f0c7780a/services/ogc/wfs?SERVICE=wfs&amp;REQUEST=GetCapabilities&amp;VERSION=1.0.0</onlink>
            <onlink>https://gstore.unm.edu/apps/rgis/datasets/cdafa5d9-1f1f-44a4-ac10-d0c6f0c7780a/NM_Senate.derived.shp</onlink>
            <onlink>https://gstore.unm.edu/apps/rgis/datasets/cdafa5d9-1f1f-44a4-ac10-d0c6f0c7780a/NM_Senate.original.zip</onlink>
            <onlink>https://gstore.unm.edu/apps/rgis/datasets/cdafa5d9-1f1f-44a4-ac10-d0c6f0c7780a/NM_Senate.derived.gml</onlink>
            <onlink>https://gstore.unm.edu/apps/rgis/datasets/cdafa5d9-1f1f-44a4-ac10-d0c6f0c7780a/NM_Senate.derived.kml</onlink>
            <onlink>https://gstore.unm.edu/apps/rgis/datasets/cdafa5d9-1f1f-44a4-ac10-d0c6f0c7780a/NM_Senate.derived.geojson</onlink>
            <onlink>https://gstore.unm.edu/apps/rgis/datasets/cdafa5d9-1f1f-44a4-ac10-d0c6f0c7780a/NM_Senate.derived.json</onlink>
            <onlink>https://gstore.unm.edu/apps/rgis/datasets/cdafa5d9-1f1f-44a4-ac10-d0c6f0c7780a/NM_Senate.derived.csv</onlink>
            <onlink>https://gstore.unm.edu/apps/rgis/datasets/cdafa5d9-1f1f-44a4-ac10-d0c6f0c7780a/NM_Senate.derived.xls</onlink>
            <onlink>https://gstore.unm.edu/apps/rgis/datasets/cdafa5d9-1f1f-44a4-ac10-d0c6f0c7780a/metadata/FGDC-STD-001-1998.xml</onlink>
            <onlink>https://gstore.unm.edu/apps/rgis/datasets/cdafa5d9-1f1f-44a4-ac10-d0c6f0c7780a/metadata/FGDC-STD-001-1998.html</onlink>
            <onlink>https://gstore.unm.edu/apps/rgis/datasets/cdafa5d9-1f1f-44a4-ac10-d0c6f0c7780a/metadata/ISO-19115:2003.xml</onlink>
            <onlink>https://gstore.unm.edu/apps/rgis/datasets/cdafa5d9-1f1f-44a4-ac10-d0c6f0c7780a/metadata/ISO-19115:2003.html</onlink>
         </citeinfo>
      </citation>
      <descript>
         <abstract>Boundaries for the New Mexico State Senate Districts for the 2022 through 2030 election cycles.</abstract>
         <purpose>Define the districts to be used for the 2022 through 2030 election cycles.</purpose>
      </descript>
      <timeperd>
         <timeinfo>
            <sngdate>
               <caldate>20211215</caldate>
            </sngdate>
         </timeinfo>
         <current>publication date</current>
      </timeperd>
      <status>
         <progress>Complete</progress>
         <update>None planned</update>
      </status>
      <spdom>
         <bounding>
            <westbc>-109.050431</westbc>
            <eastbc>-103.002043</eastbc>
            <northbc>37.000233</northbc>
            <southbc>31.33216</southbc>
         </bounding>
      </spdom>
      <keywords>
         <theme>
            <themekt>None</themekt>
            <themekey>Districts</themekey>
            <themekey>State Senate</themekey>
            <themekey>Legislative Districts</themekey>
         </theme>
         <place>
            <placekt>None</placekt>
            <placekey>New Mexico</placekey>
         </place>
      </keywords>
      <accconst>None</accconst>
      <useconst>None</useconst>
      <ptcontac>
         <cntinfo>
            <cntorgp>
               <cntorg>Research and Polling, Inc.&lt;</cntorg>
               <cntper>Michael Sharp</cntper>
            </cntorgp>
            <cntaddr>
               <addrtype>mailing and physical</addrtype>
               <address>5140 San Francisco Rd NE</address>
               <city>Albuquerque</city>
               <state>NM</state>
               <postal>87109</postal>
            </cntaddr>
            <cntvoice>505-821-5454</cntvoice>
            <cntemail>msharp@rpinc.com</cntemail>
         </cntinfo>
      </ptcontac>
      <browse>
         <browsen>NM_Senate.zip</browsen>
         <browsed>New Mexico Senate District Boundaries</browsed>
         <browset>application/zip</browset>
      </browse>
   </idinfo>
   <dataqual>
      <attracc>
         <attraccr>Unknown</attraccr>
      </attracc>
      <logic>Unknown</logic>
      <complete>Unknown</complete>
      <posacc>
         <horizpa>
            <horizpar>Unknown</horizpar>
         </horizpa>
      </posacc>
      <lineage>
         <procstep>
            <procdesc>Research and Polling created thE boundaries as part of the 2022 Redistricting process.</procdesc>
            <procdate>120101</procdate>
         </procstep>
      </lineage>
   </dataqual>
   <spdoinfo>
      <indspref>Unknown</indspref>
      <direct>Vector</direct>
      <ptvctinf>
         <sdtsterm>
            <sdtstype>G-polygon</sdtstype>
            <ptvctcnt>42</ptvctcnt>
         </sdtsterm>
      </ptvctinf>
   </spdoinfo>
   <eainfo>
      <detailed>
         <enttyp>
            <enttypl>SD_221780Copy.shp Attribute Table</enttypl>
            <enttypd>Table containing attribute information associated with the data set.</enttypd>
            <enttypds>Producer Defined</enttypds>
         </enttyp>
         <attr>
            <attrlabl>FID</attrlabl>
            <attrdef>Internal feature number.</attrdef>
            <attrdefs>ESRI</attrdefs>
            <attrdomv>
               <udom>Sequential unique whole numbers that are automatically generated.</udom>
            </attrdomv>
         </attr>
         <attr>
            <attrlabl>Shape</attrlabl>
            <attrdef>Feature geometry.</attrdef>
            <attrdefs>ESRI</attrdefs>
            <attrdomv>
               <udom>Coordinates defining the features.</udom>
            </attrdomv>
         </attr>
         <attr>
            <attrlabl>DISTRICT</attrlabl>
            <attrdef>Senate District Number</attrdef>
            <attrdefs>Producer Defined</attrdefs>
            <attrdomv>
               <udom>Senate District Number</udom>
            </attrdomv>
         </attr>
      </detailed>
   </eainfo>
   <distinfo>
      <distrib>
         <cntinfo>
            <cntorgp>
               <cntorg>Earth Data Analysis Center</cntorg>
            </cntorgp>
            <cntpos>Clearinghouse Manager</cntpos>
            <cntaddr>
               <addrtype>mailing and physical address</addrtype>
               <address>MSC01 1110</address>
               <address>1 University of New Mexico</address>
               <city>Albuquerque</city>
               <state>NM</state>
               <postal>87131-0001</postal>
               <country>USA</country>
            </cntaddr>
            <cntvoice>505-277-3622 ext. 230</cntvoice>
            <cntfax>505-277-3614</cntfax>
            <cntemail>clearinghouse@edac.unm.edu</cntemail>
            <hours>0800 - 1700 MT, M-F -7 hours GMT</hours>
         </cntinfo>
      </distrib>
      <resdesc>Downloadable Data</resdesc>
      <distliab>The material on this site is made available as a public service. Maps and data are to be used for reference purposes only and the Earth Data Analysis Center (EDAC), Resource Geographic Information System (RGIS) and The University of New Mexico are not responsible for any inaccuracies herein contained. No responsibility is assumed for damages or other liabilities due to the accuracy, availability, use or misuse of the information herein provided. Unless otherwise indicated in the documentation (metadata) for individual data sets, information on this site is public domain and may be copied without permission; citation of the source is appreciated.</distliab>
      <stdorder>
         <digform>
            <digtinfo>
               <formname>ZIP</formname>
               <transize>3</transize>
            </digtinfo>
            <digtopt>
               <onlinopt>
                  <computer>
                     <networka>
                        <networkr>https://gstore.unm.edu/apps/rgis/datasets/cdafa5d9-1f1f-44a4-ac10-d0c6f0c7780a/NM_Senate.original.zip</networkr>
                     </networka>
                  </computer>
                  <accinstr>Download from Resource Geographic Information System (RGIS) at http://rgis.unm.edu.</accinstr>
               </onlinopt>
            </digtopt>
         </digform>
         <fees>None. The files are available to download from Resource Geographic Information System (RGIS) (http://rgis.unm.edu).</fees>
         <ordering>Contact Earth Data Analysis Center at clearinghouse@edac.unm.edu</ordering>
      </stdorder>
      <stdorder>
         <digform>
            <digtinfo>
               <formname>ESRI Shapefile (shp)</formname>
               <transize>5</transize>
            </digtinfo>
            <digtopt>
               <onlinopt>
                  <computer>
                     <networka>
                        <networkr>https://gstore.unm.edu/apps/rgis/datasets/cdafa5d9-1f1f-44a4-ac10-d0c6f0c7780a/NM_Senate.derived.shp</networkr>
                     </networka>
                  </computer>
                  <accinstr>Download from Resource Geographic Information System (RGIS) at http://rgis.unm.edu.</accinstr>
               </onlinopt>
            </digtopt>
         </digform>
         <fees>None. The files are available to download from Resource Geographic Information System (RGIS) (http://rgis.unm.edu).</fees>
         <ordering>Contact Earth Data Analysis Center at clearinghouse@edac.unm.edu</ordering>
      </stdorder>
      <stdorder>
         <digform>
            <digtinfo>
               <formname>GML</formname>
               <transize>5</transize>
            </digtinfo>
            <digtopt>
               <onlinopt>
                  <computer>
                     <networka>
                        <networkr>https://gstore.unm.edu/apps/rgis/datasets/cdafa5d9-1f1f-44a4-ac10-d0c6f0c7780a/NM_Senate.derived.gml</networkr>
                     </networka>
                  </computer>
                  <accinstr>Download from Resource Geographic Information System (RGIS) at http://rgis.unm.edu.</accinstr>
               </onlinopt>
            </digtopt>
         </digform>
         <fees>None. The files are available to download from Resource Geographic Information System (RGIS) (http://rgis.unm.edu).</fees>
         <ordering>Contact Earth Data Analysis Center at clearinghouse@edac.unm.edu</ordering>
      </stdorder>
      <stdorder>
         <digform>
            <digtinfo>
               <formname>KML</formname>
               <transize>5</transize>
            </digtinfo>
            <digtopt>
               <onlinopt>
                  <computer>
                     <networka>
                        <networkr>https://gstore.unm.edu/apps/rgis/datasets/cdafa5d9-1f1f-44a4-ac10-d0c6f0c7780a/NM_Senate.derived.kml</networkr>
                     </networka>
                  </computer>
                  <accinstr>Download from Resource Geographic Information System (RGIS) at http://rgis.unm.edu.</accinstr>
               </onlinopt>
            </digtopt>
         </digform>
         <fees>None. The files are available to download from Resource Geographic Information System (RGIS) (http://rgis.unm.edu).</fees>
         <ordering>Contact Earth Data Analysis Center at clearinghouse@edac.unm.edu</ordering>
      </stdorder>
      <stdorder>
         <digform>
            <digtinfo>
               <formname>GeoJSON</formname>
               <transize>5</transize>
            </digtinfo>
            <digtopt>
               <onlinopt>
                  <computer>
                     <networka>
                        <networkr>https://gstore.unm.edu/apps/rgis/datasets/cdafa5d9-1f1f-44a4-ac10-d0c6f0c7780a/NM_Senate.derived.geojson</networkr>
                     </networka>
                  </computer>
                  <accinstr>Download from Resource Geographic Information System (RGIS) at http://rgis.unm.edu.</accinstr>
               </onlinopt>
            </digtopt>
         </digform>
         <fees>None. The files are available to download from Resource Geographic Information System (RGIS) (http://rgis.unm.edu).</fees>
         <ordering>Contact Earth Data Analysis Center at clearinghouse@edac.unm.edu</ordering>
      </stdorder>
      <stdorder>
         <digform>
            <digtinfo>
               <formname>JSON</formname>
               <transize>5</transize>
            </digtinfo>
            <digtopt>
               <onlinopt>
                  <computer>
                     <networka>
                        <networkr>https://gstore.unm.edu/apps/rgis/datasets/cdafa5d9-1f1f-44a4-ac10-d0c6f0c7780a/NM_Senate.derived.json</networkr>
                     </networka>
                  </computer>
                  <accinstr>Download from Resource Geographic Information System (RGIS) at http://rgis.unm.edu.</accinstr>
               </onlinopt>
            </digtopt>
         </digform>
         <fees>None. The files are available to download from Resource Geographic Information System (RGIS) (http://rgis.unm.edu).</fees>
         <ordering>Contact Earth Data Analysis Center at clearinghouse@edac.unm.edu</ordering>
      </stdorder>
      <stdorder>
         <digform>
            <digtinfo>
               <formname>Comma Separated Values (csv)</formname>
               <transize>5</transize>
            </digtinfo>
            <digtopt>
               <onlinopt>
                  <computer>
                     <networka>
                        <networkr>https://gstore.unm.edu/apps/rgis/datasets/cdafa5d9-1f1f-44a4-ac10-d0c6f0c7780a/NM_Senate.derived.csv</networkr>
                     </networka>
                  </computer>
                  <accinstr>Download from Resource Geographic Information System (RGIS) at http://rgis.unm.edu.</accinstr>
               </onlinopt>
            </digtopt>
         </digform>
         <fees>None. The files are available to download from Resource Geographic Information System (RGIS) (http://rgis.unm.edu).</fees>
         <ordering>Contact Earth Data Analysis Center at clearinghouse@edac.unm.edu</ordering>
      </stdorder>
      <stdorder>
         <digform>
            <digtinfo>
               <formname>MS Excel format (xls)</formname>
               <transize>5</transize>
            </digtinfo>
            <digtopt>
               <onlinopt>
                  <computer>
                     <networka>
                        <networkr>https://gstore.unm.edu/apps/rgis/datasets/cdafa5d9-1f1f-44a4-ac10-d0c6f0c7780a/NM_Senate.derived.xls</networkr>
                     </networka>
                  </computer>
                  <accinstr>Download from Resource Geographic Information System (RGIS) at http://rgis.unm.edu.</accinstr>
               </onlinopt>
            </digtopt>
         </digform>
         <fees>None. The files are available to download from Resource Geographic Information System (RGIS) (http://rgis.unm.edu).</fees>
         <ordering>Contact Earth Data Analysis Center at clearinghouse@edac.unm.edu</ordering>
      </stdorder>
      <custom>Contact Earth Data Analysis Center at clearinghouse@edac.unm.edu</custom>
      <techpreq>Adequate computer capability is the only technical prerequisite for viewing data in digital form.</techpreq>
   </distinfo>
   <metainfo>
      <metd>20230218</metd>
      <metc>
         <cntinfo>
            <cntorgp>
               <cntorg>Earth Data Analysis Center</cntorg>
            </cntorgp>
            <cntpos>Clearinghouse Manager</cntpos>
            <cntaddr>
               <addrtype>mailing and physical address</addrtype>
               <address>MSC01 1110</address>
               <address>1 University of New Mexico</address>
               <city>Albuquerque</city>
               <state>NM</state>
               <postal>87131-0001</postal>
               <country>USA</country>
            </cntaddr>
            <cntvoice>505-277-3622 ext. 230</cntvoice>
            <cntfax>505-277-3614</cntfax>
            <cntemail>clearinghouse@edac.unm.edu</cntemail>
            <hours>0800 - 1700 MT, M-F -7 hours GMT</hours>
         </cntinfo>
      </metc>
      <metstdn>FGDC Content Standards for Digital Geospatial Metadata</metstdn>
      <metstdv>FGDC-STD-001-1998</metstdv>
      <mettc>local time</mettc>
   </metainfo>
</metadata>