<?xml version="1.0" encoding="UTF-8"?>
<metadata>
	<idinfo>
		<citation>
			<citeinfo>
				<origin>New Mexico Taxation and Revenue Department - Information Technology Division</origin>
				<pubdate>20230925</pubdate>
				<title>New_Mexico_incorporated_places_April2024</title>
				<geoform>vector digital data</geoform>
			</citeinfo>
		</citation>
		<descript>
			<abstract>This layer represents boundaries for incorporated places as recognized by the New Mexico Taxation and Revenue Department (TRD).TRD revisions have been made by acquiring updated boundaries from data stewards at local jurisdictions. Known issues: This data layer may contain unintended inaccuracies and omissions.</abstract>
			<purpose>This layer is intended to help determine the general location of geographic features with relation to their proximity to New Mexico incorporated places.</purpose>
			<supplinf>TRD Data Disclaimer may be viewed at: https://www.tax.newmexico.gov/businesses/geographic-information-system-gis/data-download/ Known issues: This data layer may contain unintended inaccuracies and omissions.</supplinf>
		</descript>
		<timeperd>
			<timeinfo>
				<rngdates>
					<begdate>20240401</begdate>
					<enddate>20241231</enddate>
				</rngdates>
			</timeinfo>
			<current>effective date</current>
		</timeperd>
		<status>
			<progress>In work</progress>
			<update>Continually</update>
		</status>
		<spdom>
			<bounding>
				<westbc>-109.330067</westbc>
				<eastbc>-102.943984</eastbc>
				<northbc>37.068834</northbc>
				<southbc>31.309483</southbc>
			</bounding>
		</spdom>
		<keywords>
			<theme>
				<themekt>None</themekt>
				<themekey>polygon</themekey>
				<themekey>incorporated</themekey>
				<themekey>place</themekey>
			</theme>
			<theme>
				<themekt>ISO 19115 Topic Categories</themekt>
				<themekey>boundaries</themekey>
			</theme>
			<place>
				<placekt>None</placekt>
				<placekey>New Mexico</placekey>
				<placekey>United States</placekey>
			</place>
			<temporal>
				<tempkt>None</tempkt>
				<tempkey>April 2</tempkey>
				<tempkey>2024 through December 31</tempkey>
				<tempkey>2024</tempkey>
			</temporal>
		</keywords>
		<accconst>None</accconst>
		<useconst>New Mexico Taxation and Revenue Department assumes no liability for the misuse of the data. Data should be used at the scale for which it is intended. Data Disclaimer: This geospatial data is made available as a public service. Maps and data are to be used for reference purposes only and the New Mexico Taxation and Revenue Department is not responsible for any inaccuracies herein contained. No responsibility is assumed for damages or other liabilities due to the accuracy, availability, use or misuse of the information herein provided. This geospatial data is in the public domain and may be copied without permission; citation of the source is expected. Map information is believed to be relatively accurate but accuracy is not guaranteed. For authoritative representation of the boundaries published in this data layer, please consult respective local data stewards and jurisdictions. Any errors, omissions, or recommendations should be reported to the New Mexico Taxation and Revenue Department. In no event will the New Mexico Taxation and Revenue Department be liable for any damages or loss that might arise from the use of these maps and data or the information they contain.</useconst>
		<ptcontac>
			<cntinfo>
				<cntorgp>
					<cntorg>New Mexico Taxation and Revenue Department</cntorg>
					<cntper>Larry Brotman</cntper>
				</cntorgp>
				<cntpos>Information Technology Division</cntpos>
				<cntaddr>
					<addrtype>mailing and physical</addrtype>
					<address>1100 S. St. Francis Dr. Room 3040</address>
					<city>Santa Fe</city>
					<state>New Mexico</state>
					<postal>87504-0630</postal>
					<country>US</country>
				</cntaddr>
				<cntvoice>505-231-5948</cntvoice>
				<cntfax>505-827-2220</cntfax>
				<cntemail>larry.brotman@tax.nm.gov</cntemail>
			</cntinfo>
		</ptcontac>
		<datacred>This data set is the product of collaboration between the New Mexico Taxation and Revenue Department, boundary data stewards at New Mexico incorporated places, and the Geography Division of the US Census Bureau.</datacred>
		<native>Microsoft Windows Server 2012 R2 Standard; ESRI ArcGIS Pro 3.2.2</native>
	</idinfo>
	<dataqual>
		<logic>Unknown</logic>
		<complete>Unknown</complete>
		<lineage>
			<procstep>
				<procdesc>Publication baseline March 2018</procdesc>
				<procdate>20240402</procdate>
			</procstep>
			<procstep>
				<procdesc>Revisions to this data follow annexation ordinances or resolutions reported to TRD or through boundary alignment improvements provided by local data stewards.</procdesc>
				<procdate>20240402</procdate>
			</procstep>
		</lineage>
	</dataqual>
	<spdoinfo>
		<direct>Vector</direct>
		<ptvctinf>
			<sdtsterm>
				<sdtstype>GT-polygon composed of chains</sdtstype>
				<ptvctcnt>180</ptvctcnt>
			</sdtsterm>
		</ptvctinf>
	</spdoinfo>
	<spref>
		<horizsys>
			<planar>
				<mapproj>
					<mapprojn>NAD 1983 UTM Zone 13N</mapprojn>
					<transmer>
						<sfctrmer>0.9996</sfctrmer>
						<longcm>-105.0</longcm>
						<latprjo>0.0</latprjo>
						<feast>500000.0</feast>
						<fnorth>0.0</fnorth>
					</transmer>
				</mapproj>
				<planci>
					<plance>coordinate pair</plance>
					<coordrep>
						<absres>0.000000002220024164500956</absres>
						<ordres>0.000000002220024164500956</ordres>
					</coordrep>
					<plandu>Meter</plandu>
				</planci>
			</planar>
			<geodetic>
				<horizdn>D North American 1983</horizdn>
				<ellips>GRS 1980</ellips>
				<semiaxis>6378137.0</semiaxis>
				<denflat>298.257222101</denflat>
			</geodetic>
		</horizsys>
	</spref>
	<eainfo>
		<detailed>
			<enttyp>
				<enttypl>New_Mexico_incorporated_places_April2024</enttypl>
				<enttypd>New Mexico incorporated places</enttypd>
				<enttypds>TRD</enttypds>
			</enttyp>
			<attr>
				<attrlabl>FID</attrlabl>
				<attrdef>Internal feature number.</attrdef>
				<attrdefs>ESRI</attrdefs>
				<attrdomv>
					<udom>Sequential unique whole numbers that are automatically generated.</udom>
				</attrdomv>
			</attr>
			<attr>
				<attrlabl>Shape</attrlabl>
				<attrdef>Feature geometry.</attrdef>
				<attrdefs>ESRI</attrdefs>
				<attrdomv>
					<udom>Coordinates defining the features.</udom>
				</attrdomv>
			</attr>
			<attr>
				<attrlabl>STATEFP</attrlabl>
				<attrdef>State FIPS code</attrdef>
				<attrdefs>FIPS... Federal Information Processing Standard</attrdefs>
				<attrdomv>
					<udom>State FIPS of feature</udom>
				</attrdomv>
			</attr>
			<attr>
				<attrlabl>PLACEFP</attrlabl>
				<attrdef>Place FIPS code</attrdef>
				<attrdefs>FIPS... Federal Information Processing Standard</attrdefs>
				<attrdomv>
					<udom>Place FIPS of feature</udom>
				</attrdomv>
			</attr>
			<attr>
				<attrlabl>CLASSFP</attrlabl>
				<attrdef>FIPS 55-3 Class Code Definitions</attrdef>
				<attrdefs>United States Board of Geographic Names</attrdefs>
				<attrdomv>
					<udom>Class code definition of feature</udom>
				</attrdomv>
			</attr>
			<attr>
				<attrlabl>County</attrlabl>
				<attrdef>county name</attrdef>
				<attrdefs>TRD</attrdefs>
				<attrdomv>
					<udom>County name of feature</udom>
				</attrdomv>
			</attr>
			<attr>
				<attrlabl>NAME</attrlabl>
				<attrdef>incorporated place name</attrdef>
				<attrdefs>TRD</attrdefs>
				<attrdomv>
					<udom>Place name of feature</udom>
				</attrdomv>
			</attr>
			<attr>
				<attrlabl>BNDRY_REF</attrlabl>
				<attrdef>Boundary change reference</attrdef>
				<attrdefs>reference to ordinance, resolution, notes regarding boundary action or change</attrdefs>
				<attrdomv>
					<udom>Boundary ordinance and resolution reference</udom>
				</attrdomv>
			</attr>
			<attr>
				<attrlabl>Shape_Leng</attrlabl>
				<attrdef>perimeter length</attrdef>
				<attrdefs>ESRI</attrdefs>
				<attrdomv>
					<udom>Positive real numbers that are automatically generated.</udom>
				</attrdomv>
			</attr>
			<attr>
				<attrlabl>Shape_Area</attrlabl>
				<attrdef>Area of feature in internal units squared.</attrdef>
				<attrdefs>ESRI</attrdefs>
				<attrdomv>
					<udom>Positive real numbers that are automatically generated.</udom>
				</attrdomv>
			</attr>
		</detailed>
	</eainfo>
	<metainfo>
		<metd>20181101</metd>
		<metc>
			<cntinfo>
				<cntorgp>
					<cntorg>New Mexico Taxation and Revenue Department</cntorg>
					<cntper>Larry Brotman</cntper>
				</cntorgp>
				<cntpos>Information Technology Division</cntpos>
				<cntaddr>
					<addrtype>mailing and physical</addrtype>
					<address>1100 S. St. Francis Dr., Room 3040</address>
					<city>Santa Fe</city>
					<state>New Mexico</state>
					<postal>87504-0630</postal>
					<country>US</country>
				</cntaddr>
				<cntvoice>505-231-5948</cntvoice>
				<cntfax>505-827-2220</cntfax>
				<cntemail>larry.brotman@tax.nm.gov</cntemail>
			</cntinfo>
		</metc>
		<metstdn>FGDC Content Standard for Digital Geospatial Metadata</metstdn>
		<metstdv>FGDC-STD-001-1998</metstdv>
		<mettc>local time</mettc>
	</metainfo>
	</metadata>
